id,parent_id,name,code,developer_name,model_type,group,stat_group
10,,VAR,VAR,VAR,event,VAR,
14,,Goal,goal,GOAL,event,goals,
15,,Own Goal,owngoal,OWNGOAL,event,goals,
16,,Penalty,penalty,PENALTY,event,goals,
17,,Missed Penalty,missed_penalty,MISSED_PENALTY,event,goals,
18,,Substitution,substitution,SUBSTITUTION,event,subs,
19,,Yellowcard,yellowcard,YELLOWCARD,event,cards,
20,,Redcard,redcard,REDCARD,event,cards,
21,,Yellow/Red card,yellowredcard,YELLOWREDCARD,event,cards,
22,5.0,Penalty Shootout Missed,pen_shootout_miss,PENALTY_SHOOTOUT_MISS,event,goals,
23,5.0,Penalty Shootout Goal,pen_shootout_goal,PENALTY_SHOOTOUT_GOAL,event,goals,
1675,,Highlight,highlight,HIGHLIGHT,event,,
29,,Video,video,VIDEO,highlight,,
30,,Clip,clip,CLIP,highlight,,
31,,File,file,FILE,highlight,,
336,629.0,Ill,ill,ILL,injury_suspension,,
337,629.0,Cruciate Ligament Rupture,cruciate-ligament-rupture,CRUCIATE_LIGAMENT_RUPTURE,injury_suspension,,
339,629.0,Groin Injury,groin-injury,GROIN_INJURY,injury_suspension,,
531,629.0,Knock,knock,KNOCK,injury_suspension,,
532,629.0,Calf Injury,calf-injury,CALF_INJURY,injury_suspension,,
533,629.0,Thigh Problems,thigh-problems,THIGH_PROBLEMS,injury_suspension,,
534,629.0,Fibula Fracture,fibula-fracture,FIBULA_FRACTURE,injury_suspension,,
535,629.0,Hamstring Injury,hamstring-injury,HAMSTRING_INJURY,injury_suspension,,
536,629.0,Knee Injury,knee-injury,KNEE_INJURY,injury_suspension,,
537,629.0,Ankle Injury,ankle-injury,ANKLE_INJURY,injury_suspension,,
538,629.0,COVID 19,covid-19,COVID_19,injury_suspension,,
540,629.0,Knee Surgery,knee-surgery,KNEE_SURGERY,injury_suspension,,
541,629.0,Ankle Fracture,ankle-fracture,ANKLE_FRACTURE,injury_suspension,,
542,629.0,Metatarsal Fracture,metatarsal-fracture,METATARSAL_FRACTURE,injury_suspension,,
543,629.0,Pubitis,pubitis,PUBITIS,injury_suspension,,
544,629.0,Thigh muscle rupture,thigh-muscle-rupture,THIGH_MUSCLE_RUPTURE,injury_suspension,,
545,629.0,Shoulder Injury,shoulder-injury,SHOULDER_INJURY,injury_suspension,,
546,629.0,Ruptured cruciate ligament,ruptured-cruciate-ligament,RUPTURED_CRUCIATE_LIGAMENT,injury_suspension,,
547,629.0,Fitness,fitness,FITNESS,injury_suspension,,
548,629.0,Groin Surgery,groin-surgery,GROIN_SURGERY,injury_suspension,,
549,629.0,Foot Injury,foot-injury,FOOT_INJURY,injury_suspension,,
550,629.0,Concussion,concussion,CONCUSSION,injury_suspension,,
551,629.0,Hip Injury,hip-injury,HIP_INJURY,injury_suspension,,
552,629.0,Leg Injury,leg-injury,LEG_INJURY,injury_suspension,,
553,629.0,Inguinal Hernia,inguinal-hernia,INGUINAL_HERNIA,injury_suspension,,
554,629.0,Muscle Injury,muscle-injury,MUSCLE_INJURY,injury_suspension,,
555,629.0,Thumb Injury,thumb-injury,THUMB_INJURY,injury_suspension,,
556,629.0,Heart Condition,heart-condition,HEART_CONDITION,injury_suspension,,
557,629.0,Cruciate Ligament Injury,cruciate-ligament-injury,CRUCIATE_LIGAMENT_INJURY,injury_suspension,,
558,629.0,Foot surgery,foot-surgery,FOOT_SURGERY,injury_suspension,,
561,1692.0,Suspended,suspended,SUSPENDED,injury_suspension,,
562,629.0,Twisted knee,twisted-knee,TWISTED_KNEE,injury_suspension,,
585,629.0,Tear in a joint capsule,team-in-joint-capsule,TEAR_IN_JOINT_CAPSULE,injury_suspension,,
587,629.0,Unknown Injury,unknown-injury,UNKNOWN_INJURY,injury_suspension,,
588,629.0,Adductor problems,adductor-problems,ADDUCTOR_PROBLEMS,injury_suspension,,
589,629.0,Muscle Fatigue,muscle-fatigue,MUSCLE_FATIGUE,injury_suspension,,
590,629.0,Rest,rest,REST,injury_suspension,,
591,629.0,Distortion of the ankle,distortion-of-the-ankle,DISTORTION_OF_THE_ANKLE,injury_suspension,,
592,629.0,Ruptured intraarticular ligament initiation in knee,ruptured-intraarticular-ligament-initiation-in-knee,RUPTURED_NKEE_LIGAMENT,injury_suspension,,
593,629.0,Thigh Muscle Strain,thigh-muscle-strain,THIGH_MUSCLE_STRAIN,injury_suspension,,
594,629.0,Meniscal Injury,meniscal-injury,MENSICAL_INJURY,injury_suspension,,
595,629.0,Back Injury,back-injury,BACK_INJURY,injury_suspension,,
596,629.0,Biceps femoris muscle injury,biceps-femoris-muscle-injury,BICEPS_FEMORIS_MUSCLE_INJURY,injury_suspension,,
597,629.0,Tear in the abductor muscle,tear-in-abductor-muscle,TEAR_IN_ABDUCTOR_MUSCLE,injury_suspension,,
598,629.0,Muscular problems,muscular-problems,MUSCULAR_PROBLEMS,injury_suspension,,
599,629.0,Torn muscle bundle,torn-muscle-blend,TORN_MUSCLE_BLEND,injury_suspension,,
600,629.0,Dead Leg,dead-leg,DEAD_LEG,injury_suspension,,
601,629.0,Abdominal Influenza,abdominal-Influenza,ABDOMINAL_INFLUENZA,injury_suspension,,
602,629.0,Femoral fracture,femoral-fracture,FEMORAL_FRACTURE,injury_suspension,,
603,629.0,Achilles tendon problems,achilles-tendon-problems,ACHILLES_TENDON_PROBLEMS,injury_suspension,,
604,629.0,Achilles tendon rupture,achilles-tendon-rupture,ACHILLES_TENDON_RUPTURE,injury_suspension,,
605,629.0,Hip problems,hip-problems,HIP_PROBLEMS,injury_suspension,,
606,629.0,Fractured Finger,fractured-finger,FRACTURED_FINGER,injury_suspension,,
607,629.0,Bruised Foot,bruised-foot,BRUISED_FOOT,injury_suspension,,
608,629.0,Surgery,surgery,SURGERY,injury_suspension,,
609,629.0,Torn Knee Ligament,torn-knee-ligament,TORN_KNEE_LIGAMENT,injury_suspension,,
610,629.0,Flu,flu,FLU,injury_suspension,,
611,629.0,Fractured Jaw,fractured-jaw,FRACTURED_JAW,injury_suspension,,
612,629.0,Heel Bone Injury,heel-bone-injury,HEEL_BONE_INJURY,injury_suspension,,
614,629.0,Herniated Disc,herniated-disc,HERNIATED_DISC,injury_suspension,,
615,629.0,Peroneus Tendon Injury,peroneus-tendon-injury,PERONEUS_TENDON_INJURY,injury_suspension,,
616,629.0,Fractures Eye Socket,fractured-eye-socket,FRACTURED_EYE_SOCKET,injury_suspension,,
618,629.0,Ruptured Knee Ligament,ruptured-knee-ligament,RUPTURED_KNEE_LIGAMENT,injury_suspension,,
619,629.0,Back Trouble,back-trouble,BACK_TROUBLE,injury_suspension,,
620,629.0,Ruptured Ankle,ruptured-ankle,RUPTURED_ANKLE,injury_suspension,,
621,629.0,Syndesmotic Ligament Tear,syndesmotic-ligament-tear,SYNDESMOTIC_LIGAMENT_TEAR,injury_suspension,,
622,629.0,Pulled Hamstring At Adductors,pulled-hamstring-at-adductors,PULLED_HAMSTRING_AT_ADDUCTORS,injury_suspension,,
623,629.0,Fractured Toe,fractured-toe,FRACTURED_TOE,injury_suspension,,
624,629.0,Facial Fracture,facial-fractures,FACIAL_FRACTURE,injury_suspension,,
625,629.0,Acromioclavicular Saparation,acromioclavicular-separation,ACROMIOCLAVICULAR_SEPARATION,injury_suspension,,
626,629.0,Frontal Bone Fracture,frontal-bone-fracture,FRONTAL_BONE_FRACTURE,injury_suspension,,
627,629.0,Cancer,cancer,CANCER,injury_suspension,,
628,629.0,Fractured Leg,fractured-leg,FRACTURED_LEG,injury_suspension,,
629,,Injury,injury,INJURY,injury_suspension,,
630,629.0,Head Injury,head-injury,HEAD_INJURY,injury_suspension,,
631,629.0,Cheekbone Fracture,cheekbone-fracture,CHEEKBONE_FRACTURE,injury_suspension,,
632,629.0,Torn Muscle Fibre,torn-muscle-fibre,TORN_MUSCLE_FIBRE,injury_suspension,,
633,629.0,Cartilage Damage,cartilage-damage,CARTILAGE_DAMAGE,injury_suspension,,
636,629.0,Ruptured Meniscus,ruptured-minuscis,RUPTURED_MENISCUS,injury_suspension,,
637,629.0,Inflammation,inflammation,INFLAMMATION,injury_suspension,,
638,629.0,Fractured Arm,fractured-arm,FRACTURED_ARM,injury_suspension,,
639,629.0,Arthroscopie,arthroscopie,ARTHROSCOPIE,injury_suspension,,
640,629.0,Lumbago,lumbago,LUMBAGO,injury_suspension,,
641,629.0,Lymphome,lymphoma,LYMPHOMA,injury_suspension,,
642,629.0,Pubalgia,pubalgia,PUBALGIA,injury_suspension,,
643,629.0,Tibia Fracture,tibia-fracture,TIBIA_FRACTURE,injury_suspension,,
644,629.0,Mensical Laceration,mensical-laceration,MENSICAL_LACERATION,injury_suspension,,
645,629.0,Patella Rupture,patella-ruptire,PATELLA_RUPTURE,injury_suspension,,
646,629.0,Forearm Fracture,forearm-fracture,FOREARM_FRACTURE,injury_suspension,,
647,629.0,Disrupted Calf Muscle,disrupted-calf-muscle,DISRUPTED_CALF_MUSCLE,injury_suspension,,
648,629.0,Medial Collateral Ligament Injury,medial-collateral-ligament-injury,MEDIAL_COLLATERAL_LIGAMENT_INJURY,injury_suspension,,
649,629.0,Fractured Rib,fractured-rib,FRACTURED_RIB,injury_suspension,,
650,629.0,Bruised Rib,bruised-rib,BRUISED_RIB,injury_suspension,,
651,629.0,Sideband Team in Knee,sideband-tear-in-knee,SIDEBAND_TEAR_IN_KNEE,injury_suspension,,
652,629.0,Cold,cold,COLD,injury_suspension,,
653,629.0,Gastric Problems,gastric-problems,GASTRIC_PROBLEMS,injury_suspension,,
654,629.0,Virus Infection,virus-infection,VIRUS_INFECTION,injury_suspension,,
655,629.0,Traffic Accident,traffic-accident,TRAFFIC_ACCIDENT,injury_suspension,,
656,629.0,Shinbone Injury,shinbone-injury,SHINBONE_INJURY,injury_suspension,,
658,629.0,Bruise,bruise,BRUISE,injury_suspension,,
659,629.0,Nose Surgery,nose-surgery,NOSE_SURGERY,injury_suspension,,
660,629.0,Nose Injury,nose-injury,NOSE_INJURY,injury_suspension,,
661,629.0,Calf Problems,calf-problems,CALF_PROBLEMS,injury_suspension,,
662,629.0,Back Bruise,back-bruise,BACK_BRUISE,injury_suspension,,
663,629.0,Pneumonia,pneumonia,PNEUMONIA,injury_suspension,,
664,629.0,Hand Injury,hand-injury,HAND_INJURY,injury_suspension,,
665,629.0,Quarantine,quarantine,QUARANTINE,injury_suspension,,
666,629.0,Collarbone Fracture,collarbone-fracture,COLLARBONE_FRACTURE,injury_suspension,,
667,629.0,Torn Muscle Bundle,torn-muscle-bundle,TORN_MUSCLE_BUNDLE,injury_suspension,,
669,629.0,Abscess,abscess,ABSCESS,injury_suspension,,
670,629.0,Medial Collateral Ligament Tear,medial-collateral-ligament-tear,MEDIAL_COLLATERAL_LIGAMENT_TEAR,injury_suspension,,
671,629.0,Ankle Surgery,ankle-surgery,ANKLE_SURGERY,injury_suspension,,
672,629.0,Ankle Problems,ankle-problems,ANKLE_PROBLEMS,injury_suspension,,
673,629.0,Toe Injury,toe-injury,TOE_INJURY,injury_suspension,,
674,629.0,Cals Sclerosis,cals-sclerosis,CALS_SCLEROSIS,injury_suspension,,
675,629.0,Appendectomy,appendectomy,APPENDECTOMY,injury_suspension,,
676,629.0,Eye Injury,eye-injury,EYE_INJURY,injury_suspension,,
677,629.0,Minor Knock,minor-knock,MINOR_KNOCK,injury_suspension,,
678,629.0,Overstretching,overstretching,OVERSTRETCHING,injury_suspension,,
679,629.0,Knee Inflammation,knee-inflammation,KNEE_INFLAMMATION,injury_suspension,,
680,629.0,Fatigue Fracture,fatigue-fracture,FATIGUE_FRACTURE,injury_suspension,,
681,629.0,Inflamed Ligaments Of The Knee,inflamed-ligaments-of-the-knee,INFLAMED_LIGAMENTS_OF_THE_KNEE,injury_suspension,,
682,629.0,Sprain,sprain,SPRAIN,injury_suspension,,
683,629.0,Bruised Knee,bruised-knee,BRUISED_KNEE,injury_suspension,,
684,629.0,Chickenpox,chickenpox,CHICKENPOX,injury_suspension,,
687,629.0,Knee Problems,knee-problems,KNEE_PROBLEMS,injury_suspension,,
688,629.0,Heelspur,heelspur,HEELSPUR,injury_suspension,,
690,629.0,Tendon Irritation,tendon-irritation,TENDON_IRRITATION,injury_suspension,,
691,629.0,Fever,fever,FEVER,injury_suspension,,
692,629.0,Arch Pain,arch-pain,ARCH_PAIN,injury_suspension,,
693,629.0,Achilles Irritation,achilles-irritation,ACHILLES_IRRITATION,injury_suspension,,
694,629.0,Muscle Fiber Tear,muscle-fiber-tear,MUSCLE_FIBER_TEAR,injury_suspension,,
695,629.0,Flesh Wound,flesh-wound,FLESH_WOUND,injury_suspension,,
696,629.0,Meniscus Damage,meniscus-damage,MENISCUS_DAMAGE,injury_suspension,,
697,629.0,Calf Muscle Strain,calf-muscle-strain,CALF_MUSCLE_STRAIN,injury_suspension,,
700,629.0,Fractured Hand,fractured-hand,FRACTURED_HAND,injury_suspension,,
701,629.0,Fractured Foot,fractured-foot,FRACTURED_FOOT,injury_suspension,,
702,629.0,Stretched Ligament,stretched-ligament,STRETCHED_LIGAMENT,injury_suspension,,
703,629.0,Compression Of Spinal,compression-of-spinal,COMPRESSION_OF_SPINAL,injury_suspension,,
704,629.0,Bone Bruise,bone-bruise,BONE_BRUISE,injury_suspension,,
705,629.0,Torn Collateral Ligament,torn-collateral-ligament,TORN_COLLATERAL_LIGAMENT,injury_suspension,,
706,629.0,Sprained Ankle,sprained-ankle,SPRAINED_ANKLE,injury_suspension,,
708,629.0,Torn Muscle,torn-muscle,TORN_MUSCLE,injury_suspension,,
709,629.0,Arm Injury,arm-injury,ARM_INJURY,injury_suspension,,
711,629.0,Heel Pain,heel-pain,HEEL_PAIN,injury_suspension,,
712,629.0,Metatarsal Bone Bruise,metatarsal-bone-bruise,METATARSAL_BONE_BRUISE,injury_suspension,,
713,629.0,Finger Injury,finger-injury,FINGER_INJURY,injury_suspension,,
714,629.0,Partial Damage To The Cruciate Ligament,partial-damage-to-the-cruciate-ligament,PARTIAL_DAMAGE_TO_THE_CRUCIATE_LIGAMENT,injury_suspension,,
715,629.0,Torn Meniscus,torn-meniscus,TORN_MENISCUS,injury_suspension,,
716,629.0,Pelvis Injury,pelvis-injury,PELVIS_INJURY,injury_suspension,,
717,629.0,Ruptured Ankle Aigament,ruptured-ankle-aigament,RUPTURED_ANKLE_AIGAMENT,injury_suspension,,
718,629.0,Torn Tendon,torn-tendon,TORN_TENDON,injury_suspension,,
720,629.0,Fibula Shaft Fractures,fibula-shaft-fractures,FIBULA_SHAFT_FRACTURES,injury_suspension,,
721,629.0,Stomach Complaints,stomach-complaints,STOMACH_COMPLAINTS,injury_suspension,,
722,629.0,Dental Surgery,dental-surgery,DENTAL_SURGERY,injury_suspension,,
723,629.0,Whiplash,whiplash,WHIPLASH,injury_suspension,,
724,629.0,Pubis Bone Irritation,pubis-bone-irritation,PUBIS_BONE_IRRITATION,injury_suspension,,
726,629.0,Shoulder Fracture,shoulder-fracture,SHOULDER_FRACTURE,injury_suspension,,
728,629.0,Torn Ligament,torn-ligament,TORN_LIGAMENT,injury_suspension,,
729,629.0,Nasal Bone Fracture,nasal-bone-fracture,NASAL_BONE_FRACTURE,injury_suspension,,
730,629.0,Mononucleosis,mononucleosis,MONONUCLEOSIS,injury_suspension,,
731,629.0,Bone Chipping,bone-chipping,BONE_CHIPPING,injury_suspension,,
733,629.0,Vertebra Injury,vertebra-injury,VERTEBRA_INJURY,injury_suspension,,
734,629.0,Pubis Bone Contusion,pubis-bone-contusion,PUBIS_BONE_CONTUSION,injury_suspension,,
735,629.0,Fracture Of The Orbit,fracture-of-the-orbit,FRACTURE_OF_THE_ORBIT,injury_suspension,,
736,629.0,Stress Response Of The Bone,stress-response-of-the-bone,STRESS_RESPONSE_OF_THE_BONE,injury_suspension,,
737,629.0,Infection,infection,INFECTION,injury_suspension,,
738,629.0,Umbilical Hernia,umbilical-hernia,UMBILICAL_HERNIA,injury_suspension,,
739,629.0,Hamstring Contusion,hamstring-contusion,HAMSTRING_CONTUSION,injury_suspension,,
740,629.0,Adductors Avulsion,adductors-avulsion,ADDUCTORS_AVULSION,injury_suspension,,
741,629.0,Hand Fracture,hand-fracture,HAND_FRACTURE,injury_suspension,,
742,629.0,Fissure Of The Fibula,fissure-of-the-fibula,FISSURE_OF_THE_FIBULA,injury_suspension,,
743,629.0,Appendicitis,appendicitis,APPENDICITIS,injury_suspension,,
744,629.0,Contracture,contracture,CONTRACTURE,injury_suspension,,
745,629.0,Neck Injury,neck-injury,NECK_INJURY,injury_suspension,,
746,629.0,Navicular Bone Fracture,navicular-bone-fracture,NAVICULAR_BONE_FRACTURE,injury_suspension,,
747,629.0,Scaphoid Operation,scaphoid-operation,SCAPHOID_OPERATION,injury_suspension,,
748,629.0,Fracture,fracture,FRACTURE,injury_suspension,,
750,629.0,Ligament Problems,ligament-problems,LIGAMENT_PROBLEMS,injury_suspension,,
752,629.0,Facial Injury,facial-injury,FACIAL_INJURY,injury_suspension,,
753,629.0,Abdominal Muscles Injury,abdominal-muscles-injury,ABDOMINAL_MUSCLES_INJURY,injury_suspension,,
755,629.0,Elbow Injury,elbow-injury,ELBOW_INJURY,injury_suspension,,
756,629.0,Double Torn Ligament,double-torn-ligament,DOUBLE_TORN_LIGAMENT,injury_suspension,,
757,629.0,Food Poisoning,food-poisoning,FOOD_POISONING,injury_suspension,,
758,629.0,Bruised Hip,bruised-hip,BRUISED_HIP,injury_suspension,,
759,629.0,Bruised Ankle,bruised-ankle,BRUISED_ANKLE,injury_suspension,,
760,629.0,Torn Lateral Collateral Ligament,torn-lateral-collateral-ligament,TORN_LATERAL_COLLATERAL_LIGAMENT,injury_suspension,,
761,629.0,Capsular Rupture In The Ankle,capsular-rupture-in-the-ankle,CAPSULAR_RUPTURE_IN_THE_ANKLE,injury_suspension,,
762,629.0,Tonsillitis,tonsillitis,TONSILLITIS,injury_suspension,,
764,629.0,Insect Bite,insect-bite,INSECT_BITE,injury_suspension,,
767,629.0,Patella Problems,patella-problems,PATELLA_PROBLEMS,injury_suspension,,
768,629.0,Intraarticular Ligament Fissure,intraarticular-ligament-fissure,INTRAARTICULAR_LIGAMENT_FISSURE,injury_suspension,,
769,629.0,Hairline Crack In The Foot,hairline-crack-in-the-foot,HAIRLINE_CRACK_IN_THE_FOOT,injury_suspension,,
770,629.0,Problems With The Right Hip Flexor,problems-with-the-right-hip-flexor,PROBLEMS_WITH_THE_RIGHT_HIP_FLEXOR,injury_suspension,,
771,629.0,Lumbar Vertebrae Problems,lumbar-vertebrae-problems,LUMBAR_VERTEBRAE_PROBLEMS,injury_suspension,,
773,629.0,Angina,angina,ANGINA,injury_suspension,,
774,629.0,Tarsal Rupture,tarsal-rupture,TARSAL_RUPTURE,injury_suspension,,
775,629.0,Medial Collateral Ligament Avulsion,medial-collateral-ligament-avulsion,MEDIAL_COLLATERAL_LIGAMENT_AVULSION,injury_suspension,,
776,629.0,Abdominal Strain,abdominal-strain,ABDOMINAL_STRAIN,injury_suspension,,
777,629.0,Ruptured Lateral Collateral Ligament,ruptured-lateral-collateral-ligament,RUPTURED_LATERAL_COLLATERAL_LIGAMENT,injury_suspension,,
779,629.0,Plantar Fascia,plantar-fascia,PLANTAR_FASCIA,injury_suspension,,
782,629.0,Sideband Strain In The Knee,sideband-strain-in-the-knee,SIDEBAND_STRAIN_IN_THE_KNEE,injury_suspension,,
784,629.0,Cervical Spine Injury,cervical-spine-injury,CERVICAL_SPINE_INJURY,injury_suspension,,
785,629.0,Ruptured Syndesmotic Ligament,ruptured-syndesmotic-ligament,RUPTURED_SYNDESMOTIC_LIGAMENT,injury_suspension,,
786,629.0,Cheek Bone Contusion,cheek-bone-contusion,CHEEK_BONE_CONTUSION,injury_suspension,,
787,629.0,Laceration,laceration,LACERATION,injury_suspension,,
788,629.0,Wirst Injury,wirst-injury,WIRST_INJURY,injury_suspension,,
789,629.0,Shin Bone Bruise,shin-bone-bruise,SHIN_BONE_BRUISE,injury_suspension,,
790,629.0,Sinus Fracture,sinus-fracture,SINUS_FRACTURE,injury_suspension,,
791,629.0,Ruptured Sideband In The Knee,ruptured-sideband-in-the-knee,RUPTURED_SIDEBAND_IN_THE_KNEE,injury_suspension,,
792,629.0,Broken Wrist,broken-wrist,BROKEN_WRIST,injury_suspension,,
793,629.0,Pinched Nerve,pinched-nerve,PINCHED_NERVE,injury_suspension,,
794,629.0,Bronchitis,bronchitis,BRONCHITIS,injury_suspension,,
795,629.0,Cheekbone Surgery,cheekbone-surgery,CHEEKBONE_SURGERY,injury_suspension,,
796,629.0,Fractured Skull,fractured-skull,FRACTURED_SKULL,injury_suspension,,
797,629.0,Ruptured Intraarticular Ligament Initiation In The Ankle,ruptured-intraarticular-ligament-initiation-in-the-ankle,RUPTURED_INTRAARTICULAR_LIGAMENT_INITIATION_IN_THE_ANKLE,injury_suspension,,
798,629.0,Tendonitis,tendonitis,TENDONITIS,injury_suspension,,
799,629.0,Sideband Tear,sideband-tear,SIDEBAND_TEAR,injury_suspension,,
800,629.0,Edema In The Knee,edema-in-the-knee,EDEMA_IN_THE_KNEE,injury_suspension,,
801,629.0,Rupture Of The Timpanum,rupture-of-the-timpanum,RUPTURE_OF_THE_TIMPANUM,injury_suspension,,
804,629.0,Tendon Crack,tendon-crack,TENDON_CRACK,injury_suspension,,
805,629.0,Ruptured Ligaments,ruptured-ligaments,RUPTURED_LIGAMENTS,injury_suspension,,
806,629.0,Muscle Bruise,muscle-bruise,MUSCLE_BRUISE,injury_suspension,,
807,629.0,Bone Inflammation,bone-inflammation,BONE_INFLAMMATION,injury_suspension,,
808,629.0,Cracked Lung,cracked-lung,CRACKED_LUNG,injury_suspension,,
809,629.0,Compartment Syndrome,compartment-syndrome,COMPARTMENT_SYNDROME,injury_suspension,,
810,629.0,Sideband Injury,sideband-injury,SIDEBAND_INJURY,injury_suspension,,
811,629.0,Bursitis,bursitis,BURSITIS,injury_suspension,,
812,629.0,Lumbar Vertebra Fracture,lumbar-vertebra-fracture,LUMBAR_VERTEBRA_FRACTURE,injury_suspension,,
814,629.0,Muscle Partial Avulsion,muscle-partial-avulsion,MUSCLE_PARTIAL_AVULSION,injury_suspension,,
815,629.0,Tibia And Fibula Fracture,tibia-and-fibula-fracture,TIBIA_AND_FIBULA_FRACTURE,injury_suspension,,
816,629.0,Pneumothorax,pneumothorax,PNEUMOTHORAX,injury_suspension,,
817,629.0,Testicular Cancer,testicular-cancer,TESTICULAR_CANCER,injury_suspension,,
818,629.0,Ruptured Sideband,ruptured-sideband,RUPTURED_SIDEBAND,injury_suspension,,
819,629.0,Contused Laceration,contused-laceration,CONTUSED_LACERATION,injury_suspension,,
821,629.0,Patella Tendon Irritation,patella-tendon-irritation,PATELLA_TENDON_IRRITATION,injury_suspension,,
822,629.0,Cruciate Ligament Stretch,cruciate-ligament-stretch,CRUCIATE_LIGAMENT_STRETCH,injury_suspension,,
824,629.0,Problems With The Left Hip Flexor,problems-with-the-left-hip-flexor,PROBLEMS_WITH_THE_LEFT_HIP_FLEXOR,injury_suspension,,
825,629.0,Bone Buckling,bone-buckling,BONE_BUCKLING,injury_suspension,,
826,629.0,Fractured Thumb,fractured-thumb,FRACTURED_THUMB,injury_suspension,,
828,629.0,Fractured Kneecap,fractured-kneecap,FRACTURED_KNEECAP,injury_suspension,,
829,629.0,Problems With The Hip Flexor,problems-with-the-hip-flexor,PROBLEMS_WITH_THE_HIP_FLEXOR,injury_suspension,,
830,629.0,Screwsnails Removal,screwsnails-removal,SCREWS_NAILS_REMOVAL,injury_suspension,,
831,629.0,Infected Wound,infected-wound,INFECTED_WOUND,injury_suspension,,
832,629.0,Toothache,toothache,TOOTHACHE,injury_suspension,,
833,629.0,Rupture Of The Pattella,rupture-of-the-pattella,RUPTURE_OF_THE_PATTELLA,injury_suspension,,
835,629.0,Muscular Hairline Crack,muscular-hairline-crack,MUSCULAR_HAIRLINE_CRACK,injury_suspension,,
836,629.0,Chest Injury,chest-injury,CHEST_INJURY,injury_suspension,,
837,629.0,Intestial Virus,intestial-virus,INTESTIAL_VIRUS,injury_suspension,,
839,629.0,Cruciate Ligament Strain,cruciate-ligament-strain,CRUCIATE_LIGAMENT_STRAIN,injury_suspension,,
842,629.0,Pelvic Tumor,pelvic-tumor,PELVIC_TUMOR,injury_suspension,,
843,629.0,Meniscus Irritation,meniscus-irritation,MENISCUS_IRRITATION,injury_suspension,,
844,629.0,Skin Disease,skin-disease,SKIN_DISEASE,injury_suspension,,
846,629.0,Strain In The Thigh And Gluteal Muscles,strain-in-the-thigh-and-gluteal-muscles,STRAIN_IN_THE_THIGH_AND_GLUTEAL_MUSCLES,injury_suspension,,
847,629.0,Ankle Inflammation,ankle-inflammation,ANKLE_INFLAMMATION,injury_suspension,,
849,629.0,Impingement Syndrome,impingement-syndrome,IMPINGEMENT_SYNDROME,injury_suspension,,
851,629.0,Fracture Dislocation Of The Ankle,fracture-dislocation-of-the-ankle,FRACTURE_DISLOCATION_OF_THE_ANKLE,injury_suspension,,
853,629.0,Cut,cut,CUT,injury_suspension,,
854,629.0,Capsular Tear,capsular-tear,CAPSULAR_TEAR,injury_suspension,,
855,629.0,Coccyx Contusion,coccyx-contusion,COCCYX_CONTUSION,injury_suspension,,
856,629.0,Sciatic Problem,sciatic-problem,SCIATIC_PROBLEM,injury_suspension,,
858,629.0,Blockade In The Spinal,blockade-in-the-spinal,BLOCKADE_IN_THE_SPINAL,injury_suspension,,
859,629.0,Laceration Of The Capsule,laceration-of-the-capsule,LACERATION_OF_THE_CAPSULE,injury_suspension,,
860,629.0,Fracture Of The Lower Leg,fracture-of-the-lower-leg,FRACTURE_OF_THE_LOWER_LEG,injury_suspension,,
861,629.0,Burns,burns,BURNS,injury_suspension,,
862,629.0,Dislocation Of The Patella,dislocation-of-the-patella,DISLOCATION_OF_THE_PATELLA,injury_suspension,,
864,629.0,Cervical Fracture,cervical-fracture,CERVICAL_FRACTURE,injury_suspension,,
865,629.0,Ruptured Sideband In The Ankle,ruptured-sideband-in-the-ankle,RUPTURED_SIDEBAND_IN_THE_ANKLE,injury_suspension,,
866,629.0,Midface Fracture,midface-fracture,MIDFACE_FRACTURE,injury_suspension,,
867,629.0,Meningitis,meningitis,MENINGITIS,injury_suspension,,
868,629.0,Kidney Problems,kidney-problems,KIDNEY_PROBLEMS,injury_suspension,,
869,629.0,Testicular Disruption,testicular-disruption,TESTICULAR_DISRUPTION,injury_suspension,,
870,629.0,Inflamation Of Biceps,inflamation-of-biceps,INFLAMATION_OF_BICEPS,injury_suspension,,
872,629.0,Bullet Wound,bullet-wound,BULLET_WOUND,injury_suspension,,
874,629.0,Hairline Crack In Calfbone,hairline-crack-in-calfbone,HAIRLINE_CRACK_IN_CALFBONE,injury_suspension,,
875,629.0,Femoral Neck Fracture,femoral-neck-fracture,FEMORAL_NECK_FRACTURE,injury_suspension,,
876,629.0,Periostitis,periostitis,PERIOSTITIS,injury_suspension,,
877,629.0,Collapsed Lung,collapsed-lung,COLLAPSED_LUNG,injury_suspension,,
878,629.0,Internal Bleeding In The Thigh,internal-bleeding-in-the-thigh,INTERNAL_BLEEDING_IN_THE_THIGH,injury_suspension,,
879,629.0,Tooth Inflammation,tooth-inflammation,TOOTH_INFLAMMATION,injury_suspension,,
883,629.0,Circulation Problems,circulation-problems,CIRCULATION_PROBLEMS,injury_suspension,,
885,629.0,Sepsis,sepsis,SEPSIS,injury_suspension,,
886,629.0,Strain Of The Patella,strain-of-the-patella,STRAIN_OF_THE_PATELLA,injury_suspension,,
889,629.0,Marrow Bulge,marrow-bulge,MARROW_BULGE,injury_suspension,,
890,629.0,Tibial Plateau Contusion,tibial-plateau-contusion,TIBIAL_PLATEAU_CONTUSION,injury_suspension,,
892,629.0,Malaria,malaria,MALARIA,injury_suspension,,
893,629.0,Jumpers Knee,jumpers-knee,JUMPERS_KNEE,injury_suspension,,
894,629.0,Blood Clot In The Lungs,blood-clot-in-the-lungs,BLOOD_CLOT_IN_THE_LUNGS,injury_suspension,,
895,629.0,Open Wound,open-wound,OPEN_WOUND,injury_suspension,,
896,629.0,Bruise On Ankle,bruise-on-ankle,BRUISE_ON_ANKLE,injury_suspension,,
901,629.0,Hearing Impairment,hearing-impairment,HEARING_IMPAIRMENT,injury_suspension,,
905,629.0,Ulnar Fracture,ulnar-fracture,ULNAR_FRACTURE,injury_suspension,,
908,629.0,Intraarticular Ligament Crack In The Ankle,intraarticular-ligament-crack-in-the-ankle,INTRAARTICULAR_LIGAMENT_CRACK_IN_THE_ANKLE,injury_suspension,,
909,629.0,Overstretching Of The Syndesmotic Ligament,overstretching-of-the-syndesmotic-ligament,OVERSTRETCHING_OF_THE_SYNDESMOTIC_LIGAMENT,injury_suspension,,
915,629.0,Longitudinal Crack In The Tendon,longitudinal-crack-in-the-tendon,LONGITUDINAL_CRACK_IN_THE_TENDON,injury_suspension,,
918,629.0,Knee Cyst,knee-cyst,KNEE_CYST,injury_suspension,,
919,629.0,Bowel Surgery,bowel-surgery,BOWEL_SURGERY,injury_suspension,,
920,629.0,Inflamed Head Of Fibula,inflamed-head-of-fibula,INFLAMED_HEAD_OF_FIBULA,injury_suspension,,
922,629.0,Fracture Of The Humerus Head,fracture-of-the-humerus-head,FRACTURE_OF_THE_HUMERUS_HEAD,injury_suspension,,
923,629.0,Cyst On The Paw,cyst-on-the-paw,CYST_ON_THE_PAW,injury_suspension,,
924,629.0,Stroke,stroke,STROKE,injury_suspension,,
926,629.0,Allergic Reaction,allergic-reaction,ALLERGIC_REACTION,injury_suspension,,
927,629.0,Bruise On The Shin,bruise-on-the-shin,BRUISE_ON_THE_SHIN,injury_suspension,,
929,629.0,Stiffness,stiffness,STIFFNESS,injury_suspension,,
937,629.0,Patella Tendon Luxation,patella-tendon-luxation,PATELLA_TENDON_LUXATION,injury_suspension,,
944,629.0,Varicose Veins,varicose-veins,VARICOSE_VEINS,injury_suspension,,
945,629.0,Lung Contusion,lung-contusion,LUNG_CONTUSION,injury_suspension,,
947,629.0,Bone Bruise Syndrom,bone-bruise-syndrom,BONE_BRUISE_SYNDROM,injury_suspension,,
948,629.0,Bruised Acromioclavicular,bruised-acromioclavicular,BRUISED_ACROMIOCLAVICULAR,injury_suspension,,
950,629.0,Venous Occlusion,venous-occlusion,VENOUS_OCCLUSION,injury_suspension,,
957,629.0,Inflammation In Spine,inflammation-in-spine,INFLAMMATION_IN_SPINE,injury_suspension,,
958,629.0,Shingles,shingles,SHINGLES,injury_suspension,,
967,629.0,Heel Cyst,heel-cyst,HEEL_CYST,injury_suspension,,
968,629.0,Depression,depression,DEPRESSION,injury_suspension,,
972,629.0,Vestibular Disorder,vestibular-disorder,VESTIBULAR_DISORDER,injury_suspension,,
974,629.0,Splenic Infarct,splenic-infarct,SPLENIC_INFARCT,injury_suspension,,
978,629.0,Swine Flu,swine-flu,SWINE_FLU,injury_suspension,,
982,629.0,Pancratitis,pancratitis,PANCRATITIS,injury_suspension,,
983,629.0,Basal Skull Fracture,basal-skull-fracture,BASAL_SKULL_FRACTURE,injury_suspension,,
984,629.0,Partial Demolition Of The Plantar Fascia,partial-demolition-of-the-plantar-fascia,PARTIAL_DEMOLITION_OF_THE_PLANTAR_FASCIA,injury_suspension,,
985,629.0,Coma,coma,COMA,injury_suspension,,
986,629.0,Hailrine Crack In Lumbar Vertebra,hailrine-crack-in-lumbar-vertebra,HAILRINE_CRACK_IN_LUMBAR_VERTEBRA,injury_suspension,,
987,629.0,Kidney Tumour,kidney-tumour,KIDNEY_TUMOUR,injury_suspension,,
989,629.0,Pelvic Obliquity,pelvic-obliquity,PELVIC_OBLIQUITY,injury_suspension,,
991,629.0,Kidney Stone Surgery,kidney-stone-surgery,KIDNEY_STONE_SURGERY,injury_suspension,,
994,629.0,Brain Haemorrhage,brain-haemorrhage,BRAIN_HAEMORRHAGE,injury_suspension,,
995,629.0,Bruised Pelvis,bruised-pelvis,BRUISED_PELVIS,injury_suspension,,
1000,629.0,Neuropathy,neuropathy,NEUROPATHY,injury_suspension,,
1003,629.0,Hole In The Eardrum,hole-in-the-eardrum,HOLE_IN_THE_EARDRUM,injury_suspension,,
1009,629.0,Scissure,scissure,SCISSURE,injury_suspension,,
1017,629.0,Neck Bruise,neck-bruise,NECK_BRUISE,injury_suspension,,
1020,629.0,Hearing Trauma,hearing-trauma,HEARING_TRAUMA,injury_suspension,,
1043,629.0,Corn,corn,CORN,injury_suspension,,
1068,629.0,Craze In The Middle Finger,craze-in-the-middle-finger,CRAZE_IN_THE_MIDDLE_FINGER,injury_suspension,,
1083,629.0,Coccyx Fistula,coccyx-fistula,COCCYX_FISTULA,injury_suspension,,
1682,,Doubtful,doubtful,DOUBTFUL,injury_suspension,,
1692,,Suspension,suspension,SUSPENSION,injury_suspension,,
1693,629.0,Not Available,not-available,NOT_AVAILABLE,injury_suspension,,
11,,Lineup,lineup,LINEUP,lineup,,
12,,Bench,bench,BENCH,lineup,,
13,,Sidelined,sidelined,SIDELINED,lineup,,
35,,Neutral Venue,neutral_venue,NEUTRAL_VENUE,metadata,,
36,,Kickoff,kickoff,KICKOFF,metadata,,
37,,Match Details,match_details,MATCH_DETAILS,metadata,,
159,,Formation,formation,FORMATION,metadata,,
160,,Ball Coordinates,ball-coordinates,BALL_COORDINATES,metadata,,
161,,Home Participant Colors,home-participany-colors,HOME_PARTICIPANT_COLORS,metadata,,
162,,Away Participant Colors,away-participany-colors,AWAY_PARTICIPANT_COLORS,metadata,,
164,,Has Standings,has-standings,HAS_STANDING,metadata,,
165,,Has Topscorers,has-topscorers,HAS_TOPSCORERS,metadata,,
172,,Split Points Rule,split-points-rule,SPLIT_POINTS_RULE,metadata,,
217,,Major League,major-league,MAJOR_LEAGUE,metadata,goals,
222,,Provides News,provides-news,PROVIDES_NEWS,metadata,,
229,,Preferred Foot,preferred-foot,PREFERRED_FOOT,metadata,,
230,,Rule Color,rule-color,RULE_COLOR,metadata,,
315,,Has Outgroup Matches,outgroup-matches,OUTGROUP_MATCHES,metadata,,
559,,Calculates Trophies,calculates_thropies,CALCULATES_TROPHIES,metadata,,
563,,Skip Season Topscorer Calculation,skip-season-topscorer-calculation,SKIP_SEASON_TOPSCORERS_CALCULATION,metadata,,
567,,Pitch,pitch,PITCH,metadata,,
578,,Attendance,attendance,ATTENDANCE,metadata,,overall
613,,Hashtag,hashtag,HASHTAG,metadata,,
1680,,Split Points Up Rule,split-points-up-rule,SPLIT_POINTS_UP_RULE,metadata,,
1,,1st Half,1st-half,1ST_HALF,period,,
2,,2nd Half,2nd-half,2ND_HALF,period,,
3,,Extra Time,extra-time,ET,period,,
5,,Penalties,penalties,PENALTY_SHOOTOUT,period,,
39,,Extra Time - 2nd Half,extra-time-2nd-half,ET_2ND_HALF,period,,
1525,,Current,current,CURRENT,period,,
24,,Goalkeeper,goalkeeper,GOALKEEPER,position,,
25,,Defender,defender,DEFENDER,position,,
26,,Midfielder,midfielder,MIDFIELDER,position,,
27,,Attacker,attacker,ATTACKER,position,,
28,,Unknown,unknown,UNKNOWN,position,,
148,25.0,Centre Back,centre-back,CENTRE_BACK,position,,
149,26.0,Defensive Midfield,defensive-midfied,DEFENSIVE_MIDFIELD,position,,
150,26.0,Attacking Midfield,attacking-midfied,ATTACKING_MIDFIELD,position,,
151,27.0,Centre Forward,centre-forward,CENTRE_FORWARD,position,,
152,27.0,Left Wing,left-wing,LEFT_WING,position,,
153,26.0,Central Midfield,central-midfied,CENTRAL_MIDFIELD,position,,
154,25.0,Right Back,right-back,RIGHT_BACK,position,,
155,25.0,Left Back,left-back,LEFT_BACK,position,,
156,27.0,Right Wing,right-wing,RIGHT_WING,position,,
157,26.0,Left Midfield,left-midfield,LEFT_MIDFIELD,position,,
158,26.0,Right Midfield,right-midfield,RIGHT_MIDFIELD,position,,
163,27.0,Secondary Striker,secondary_striker,SECONDARY_STRIKER,position,,
221,,Coach,coach,COACH,position,,
226,,Assistant Coach,assistant-coach,ASSISTANT_COACH,position,,
227,,Goalkeeping Coach,goalkeeping-coach,GOALKEEPING_COACH,position,,
228,,Forward Coach,forward-coach,FORWARD_COACH,position,,
560,,Caretaker Manager,caretaker-manager,CARETAKER_MANAGER,position,,
32,,Probability,probability,PROBABILITY,prediction,,
33,,Valuebet,valuebet,VALUEBET,prediction,,
231,,Both Teams To Score Probability,both-teams-to-score-probability,BTTS_PROBABILITY,prediction,,
232,,Half Time/Full Time Probability,half-time-full-time-probability,HTFT_PROBABILITY,prediction,,
233,,First Half Winner Probability,first-half-winner,FIRST_HALF_WINNER_PROBABILITY,prediction,,
234,,Over/Under 1.5 Probability,over-under-1_5-probability,OVER_UNDER_1_5_PROBABILITY,prediction,,
235,,Over/Under 2.5 Probability,over-under-2_5-probability,OVER_UNDER_2_5_PROBABILITY,prediction,,
236,,Over/Under 3.5 Probability,over-under-3_5_probability,OVER_UNDER_3_5_PROBABILITY,prediction,,
237,,Fulltime Result Probability,fulltime-result-probability,FULLTIME_RESULT_PROBABILITY,prediction,,
238,,Team To Score First Probability,team_to_score_first-probability,TEAM_TO_SCORE_FIRST_PROBABILITY,prediction,,
239,,Double Chance Probability,double_chance-probability,DOUBLE_CHANCE_PROBABILITY,prediction,,
240,,Correct Score Probability,correct-score-probability,CORRECT_SCORE_PROBABILITY,prediction,,
241,,Historical Log Loss,historical-log-loss,HISTORICAL_LOG_LOSS,prediction,,
242,,Model Hit Ratio,model-hit-ratio,MODEL_HIT_RATIO,prediction,,
243,,Model Predictability,model-predictability,MODEL_PREDICTABILITY,prediction,,
244,,Model Predictive Power,model-predictive-power,MODEL_PREDICTIVE_POWER,prediction,,
245,,Models Log Loss,models-log-loss,MODELS_LOG_LOSS,prediction,,
326,,Home Over/Under 3.5 Probability,home-over-under-3_5_probability,HOME_OVER_UNDER_3_5_PROBABILITY,prediction,,
327,,Away Over/Under 3.5 Probability,away-over-under-3_5_probability,AWAY_OVER_UNDER_3_5_PROBABILITY,prediction,,
328,,Away Over/Under 2.5 Probability,away-over-under-2_5_probability,AWAY_OVER_UNDER_2_5_PROBABILITY,prediction,,
330,,Home Over/Under 2.5 Probability,home-over-under-2_5_probability,HOME_OVER_UNDER_2_5_PROBABILITY,prediction,,
331,,Home Over/Under 1.5 Probability,home-over-under-1_5_probability,HOME_OVER_UNDER_1_5_PROBABILITY,prediction,,
332,,Away Over/Under 1.5 Probability,away-over-under-1_5_probability,AWAY_OVER_UNDER_1_5_PROBABILITY,prediction,,
333,,Away Over/Under 0.5 Probability,away-over-under-0_5_probability,AWAY_OVER_UNDER_0_5_PROBABILITY,prediction,,
334,,Home Over/Under 0.5 Probability,home-over-under-0_5_probability,HOME_OVER_UNDER_0_5_PROBABILITY,prediction,,
335,,Over/Under 0.5 Probability,over-under-0_5-probability,OVER_UNDER_0_5_PROBABILITY,prediction,,
1585,,Corners Over/Under 10.5 Probability,corners-over-under-10_5-probability,CORNERS_OVER_UNDER_10_5_PROBABILITY,prediction,,
1679,,Over/Under 4.5 Probability,over-under-4_5-probability,OVER_UNDER_4_5_PROBABILITY,prediction,,
1683,,Corners Over/Under 5 Probability,corners-over-under-5-probability,CORNERS_OVER_UNDER_5_PROBABILITY,prediction,,
1684,,Corners Over/Under 11 Probability,corners-over-under-11-probability,CORNERS_OVER_UNDER_11_PROBABILITY,prediction,,
1685,,Corners Over/Under 6 Probability,corners-over-under-6-probability,CORNERS_OVER_UNDER_6_PROBABILITY,prediction,,
1686,,Corners Over/Under 7 Probability,corners-over-under-7-probability,CORNERS_OVER_UNDER_7_PROBABILITY,prediction,,
1687,,Corners Over/Under 9 Probability,corners-over-under-9-probability,CORNERS_OVER_UNDER_9_PROBABILITY,prediction,,
1688,,Corners Over/Under 10 Probability,corners-over-under-10-probability,CORNERS_OVER_UNDER_10_PROBABILITY,prediction,,
1689,,Corners Over/Under 8 Probability,corners-over-under-8-probability,CORNERS_OVER_UNDER_8_PROBABILITY,prediction,,
1690,,Corners Over/Under 4 Probability,corners-over-under-4-probability,CORNERS_OVER_UNDER_4_PROBABILITY,prediction,,
6,,Referee,referee,REFEREE,referee,,
7,,1st Assistant,1st_assistant,REFEREE_TWO,referee,,
8,,2nd Assistant,2nd_assistant,REFEREE_THREE,referee,,
9,,4th Official,4th_official,REFEREE_FOUR,referee,,
223,,Group Stage,group-stage,GROUP_STAGE,stage_type,,
224,,Knock Out,knock-out,KNOCK_OUT,stage_type,,
225,,Qualifying,qualifying,QUALIFYING,stage_type,,
173,,Points,points,POINTS,standing_correction,,
174,,Goals For,goals-for,GOALS_FOR,standing_correction,,
175,,Goals Against,goals-aginst,GOALS_AGAINST,standing_correction,,
147,,Promotion,promotion,PROMOTION,standing_rule,,
168,,8th Finals,8th-finals,8TH_FINALS,standing_rule,,
180,,UEFA Champions League,uefa-champions-league,UEFA_CHAMPIONS_LEAGUE,standing_rule,,
181,,UEFA Europa League,uefa-europa-league,UEFA_EUROPA_LEAGUE,standing_rule,,
182,,Relegation,relegation,RELEGATION,standing_rule,,
183,,Championship Round,championship-round,CHAMPIONSHIP_ROUND,standing_rule,,
184,,Relegation Round,relegation-round,RELEGATION_ROUND,standing_rule,,
246,,UEFA Champions League Qualifiers,uefa-champions-league-qualifiers,UEFA_CHAMPIONS_LEAGUE_QUALIFIERS,standing_rule,,
247,,UEFA Cup,uefa-cup,UEFA_CUP,standing_rule,,
248,,Intertoto Cup,intertoto-cup,INTERTOTO_CUP,standing_rule,,
249,,Relegation Play-off,relegation-play-off,RELEGATION_PLAY_OFF,standing_rule,,
250,,Possible Relegation,possible-relegation,POSSIBLE__RELEGATION,standing_rule,,
251,,Promotion Group,promotion-group,PROMOTION_GROUP,standing_rule,,
252,,Relegation Group,relegation-group,RELEGATION_GROUP,standing_rule,,
254,,Champions League Qualifiers Play-off,champions-league-qualifiers-play-off,CHAMPIONS_LEAGUE_QUALIFIERS_PLAY_OFF,standing_rule,,
255,,Next Round,next-round,NEXT_ROUND,standing_rule,,
256,,Semi-finals,semi-finals,SEMI_FINALS,standing_rule,,
257,,Final Tournament,final-tournament,FINAL_TOURNAMENT,standing_rule,,
258,,Intercontinental Play-off,intercontinental-play-off,INTERCONTINENTAL_PLAY_OFF,standing_rule,,
259,,Final Tournament or Play-offs,final-tournament-or-play-offs,FINAL_TOURNAMENT_OR_PLAY_OFFS,standing_rule,,
260,,AFC Champions League Qualifiers,afc-champions-league-qualifiers,AFC_CHAMPIONS_LEAGUE_QUALIFIERS,standing_rule,,
261,,AFC Cup,afc-cup,AFC_CUP,standing_rule,,
262,,Possible 8th Finals,possible-8th-finals,POSSIBLE_8TH_FINALS,standing_rule,,
263,,UEFA Europa League Play-off,uefa-europa-league-play-off,UEFA_EUROPA_LEAGUE_PLAY_OFF,standing_rule,,
264,,Promotion Play-off,promotion-play-off,PROMOTION_PLAY_OFF,standing_rule,,
265,,UEFA Europa League Qualifiers,uefa-europa-league-qualifiers,UEFA_EUROPA_LEAGUE_QUALIFIERS,standing_rule,,
266,,Middle Play-off,middle-play-off,MIDDLE_PLAY_OFF,standing_rule,,
267,,Champion,champion,CHAMPION,standing_rule,,
268,,CONMEBOL Libertadores,conmebol-libertadores,CONMEBOL_LIBERTADORES,standing_rule,,
269,,Final Series Play-offs,final-series-play-offs,FINAL_SERIES_PLAY_OFFS,standing_rule,,
270,,Possible Final,possible-final,POSSIBLE_FINAL,standing_rule,,
271,,Possible Final Tournament,possible-final-tournament,POSSIBLE_FINAL_TOURNAMENT,standing_rule,,
272,,Possible Next Round,possible-next-round,POSSIBLE_NEXT_ROUND,standing_rule,,
273,,CAF Champions League,caf-champions-league,CAF_CHAMPIONS_LEAGUE,standing_rule,,
274,,CAF Confederation Cup,caf-confederation-cup,CAF_CONFEDERATION_CUP,standing_rule,,
275,,Quarter-finals,quarter-finals,QUARTER_FINALS,standing_rule,,
276,,Possible Semi-finals,possible-semi-finals,POSSIBLE_SEMI_FINALS,standing_rule,,
277,,World Cup,world-cup,WORLD_CUP,standing_rule,,
278,,Play-off,play-off,PLAY_OFF,standing_rule,,
279,,Final Series,final-series,FINAL_SERIES,standing_rule,,
280,,Final,final,FINAL,standing_rule,,
281,,CONCACAF Champions League,concacaf-champions-league,CONCACAF_CHAMPIONS_LEAGUE,standing_rule,,
282,,Lower Table Round,lower-table-round,LOWER_TABLE_ROUND,standing_rule,,
283,,CAF Champions League Qualifiers,caf-champions-league-qualifiers,CAF_CHAMPIONS_LEAGUE_QUALIFIERS,standing_rule,,
284,,AFC Champions League,afc-champions-league,AFC_CHAMPIONS_LEAGUE,standing_rule,,
285,,CFU Club Championship,cfu-club-championship,CFU_CLUB_CHAMPIONSHIP,standing_rule,,
286,,CONMEBOL Libertadores Qualifiers,conmebol-libertadores-qualifiers,CONMEBOL_LIBERTADORES_QUALIFIERS,standing_rule,,
287,,CONMEBOL Sudamericana,conmebol-sudamericana,CONMEBOL_SUDAMERICANA,standing_rule,,
288,,Champion Play-off,champion-play-off,CHAMPION_PLAY_OFF,standing_rule,,
289,,UEFA Conference League Qualifiers,uefa-conference-league-qualifiers,UEFA_CONFERENCE_LEAGUE_QUALIFIERS,standing_rule,,
290,,AFC Cup Play-offs,afc-cup-play-offs,AFC_CUP_PLAY_OFFS,standing_rule,,
291,,Championship Round Play-offs,championship-round-play-offs,CHAMPIONSHIP_ROUND_PLAY_OFFS,standing_rule,,
292,,Possible Promotion Play-off,possible-promotion-play-off,POSSIBLE_PROMOTION_PLAY_OFF,standing_rule,,
293,,UEFA Conference League Play-offs,uefa-conference-league-play-offs,UEFA_CONFERENCE_LEAGUE_PLAY_OFFS,standing_rule,,
294,,3rd Place Final,3rd-place-final,3RD_PLACE_FINAL,standing_rule,,
295,,Bottom Play-offs,bottom-play-offs,BOTTOM_PLAY_OFFS,standing_rule,,
296,,OFC Champions League,ofc-champions-league,OFC_CHAMPIONS_LEAGUE,standing_rule,,
297,,Possible Quarter-finals,possible-quarter-finals,POSSIBLE_QUARTER_FINALS,standing_rule,,
298,,16th Finals,16th-finals,16TH_FINALS,standing_rule,,
299,,UEFA Conference League Qualifiers Play-off,uefa-conference-league-qualifiers-play-off,UEFA_CONFERENCE_LEAGUE_QUALIFIERS_PLAY_OFF,standing_rule,,
300,,Preliminary Promotion Play-off,preliminary-promotion-play-off,PRELIMINARY_PROMOTION_PLAY_OFF,standing_rule,,
301,,Final Round Play-off,final-round-play-off,FINAL_ROUND_PLAY_OFF,standing_rule,,
302,,CAF Confederation Cup Qualifiers,caf-confederation-cup-qualifiers,CAF_CONFEDERATION_CUP_QUALIFIERS,standing_rule,,
303,,5th-8th Place Play-offs,5th-8th-place-play-offs,5TH_8TH_PLACE_PLAY_OFFS,standing_rule,,
304,,5th Place Final,5th-place-final,5TH_PLACE_FINAL,standing_rule,,
305,,7th Place Final,7th-place-final,7TH_PLACE_FINAL,standing_rule,,
306,,Final Serie,final-serie,FINAL_SERIE,standing_rule,,
307,,Play-offs,play-offs,PLAY_OFFS,standing_rule,,
308,,9th Place Final,9th-place-final,9TH_PLACE_FINAL,standing_rule,,
309,,11th Place Final,11th-place-final,11TH_PLACE_FINAL,standing_rule,,
310,,Possible Final Series,possible-final-series,POSSIBLE_FINAL_SERIES,standing_rule,,
311,,Possible Play-off,possible-play-off,POSSIBLE_PLAY_OFF,standing_rule,,
312,,Possible Relegation Play-off,possible-relegation-play-off,POSSIBLE_RELEGATION_PLAY_OFF,standing_rule,,
313,,Possible Promotion,possible-promotion,POSSIBLE_PROMOTION,standing_rule,,
316,,Championship Round Relegation Round,championship-round-relegation-round,CHAMPIONSHIP_ROUND_RELEGATION_ROUND,standing_rule,,
1492,,Promotion - World Cup (Play Offs),promotion-world-cup-play-offs,PROMOTION_WORLD_CUP_PLAY_OFFS,standing_rule,,
1493,,Promotion - Europa League (Play Offs),promotion-europa-league-playoffs,PROMOTION_EUROPA_LEAGUE_PLAYOFFS,standing_rule,,
1494,,Ranking of third-placed teams,ranking-of-third-placed-teams,RANKING_OF_THIRD_PLACED_TEAMS,standing_rule,,
1604,,9th-12th Place Play-offs,9th-12th Place Play-offs,9th_12th_Place_Play_Offs,standing_rule,,
129,,Overall Matched Played,overall-matches-played,OVERALL_MATCHES,standings,,overall
130,,Overall Won,overall-won,OVERALL_WINS,standings,,overall
131,,Overall Draw,overall-draw,OVERALL_DRAWS,standings,,overall
132,,Overall Lost,overall-lost,OVERALL_LOST,standings,,overall
133,,Overal Goals Scored,overall-goals-for,OVERALL_SCORED,standings,,overall
134,,Overall Goals Conceded,overall-goals-against,OVERALL_CONCEDED,standings,,overall
135,,Home Matched Played,home-matches-played,HOME_MATCHES,standings,,home
136,,Home Won,home-won,HOME_WINS,standings,,home
137,,Home Draw,home-draw,HOME_DRAWS,standings,,home
138,,Home Lost,home-lost,HOME_LOST,standings,,home
139,,Home Goals Scored,home-scored,HOME_SCORED,standings,,home
140,,Home Goals Conceded,home-conceded,HOME_CONCEDED,standings,,home
141,,Away Matched Played,away-matches-played,AWAY_MATCHES,standings,,away
142,,Away Won,away-won,AWAY_WINS,standings,,away
143,,Away Draw,away-draw,AWAY_DRAWS,standings,,away
144,,Away Lost,away-lost,AWAY_LOST,standings,,away
145,,Away Goals Scored,away-scored,AWAY_SCORED,standings,,away
146,,Away Goals Conceded,away-conceded,AWAY_CONCEDED,standings,,away
176,,Streak,streak,STREAK,standings,,
179,,Goal Difference,goal-difference,OVERALL_GOAL_DIFFERENCE,standings,,
185,,Home Points,home-points,HOME_POINTS,standings,,
186,,Away Points,away-points,AWAY_POINTS,standings,,
187,,Overall Points,overall-points,TOTAL_POINTS,standings,,
34,,Corners,corners,CORNERS,statistic,,offensive
40,,Captain,captain,CAPTAIN,statistic,,overall
41,,Shots Off Target,shots-off-target,SHOTS_OFF_TARGET,statistic,,offensive
42,,Shots Total,shots-total,SHOTS_TOTAL,statistic,,offensive
43,,Attacks,attacks,ATTACKS,statistic,,offensive
44,,Dangerous Attacks,dangerous-attacks,DANGEROUS_ATTACKS,statistic,,offensive
45,,Ball Possession %,ball-possession,BALL_POSSESSION,statistic,,overall
46,,Ball Safe,ball-safe,BALL_SAFE,statistic,,defensive
47,,Penalties,penalties,PENALTIES,statistic,,offensive
49,,Shots Insidebox,shots-insidebox,SHOTS_INSIDEBOX,statistic,,offensive
50,,Shots Outsidebox,shots-outsidebox,SHOTS_OUTSIDEBOX,statistic,,offensive
51,,Offsides,offsides,OFFSIDES,statistic,,offensive
52,,Goals,goals,GOALS,statistic,,offensive
53,,Goal Kicks,goals-kicks,GOAL_KICKS,statistic,,offensive
54,,Goal Attempts,goal-attempts,GOAL_ATTEMPTS,statistic,,offensive
55,,Free Kicks,free-kicks,FREE_KICKS,statistic,,defensive
56,,Fouls,fouls,FOULS,statistic,,defensive
57,,Saves,saves,SAVES,statistic,,defensive
58,,Shots Blocked,shots-blocked,SHOTS_BLOCKED,statistic,,offensive
59,,Substitutions,substitutions,SUBSTITUTIONS,statistic,,overall
60,,Throwins,throwins,THROWINS,statistic,,overall
61,,Beats,beats,BEATS,statistic,,defensive
62,,Long Passes,long-passes,LONG_PASSES,statistic,,overall
63,,Short Passes,short-passes,SHORT_PASSES,statistic,,overall
64,,Hit Woodwork,hit-woodwork,HIT_WOODWORK,statistic,,offensive
65,,Successful Headers,successful-headers,SUCCESSFUL_HEADERS,statistic,,overall
66,,Successful Interceptions,successful-interceptions,SUCCESSFUL_INTERCEPTIONS,statistic,,overall
67,,Successful Centers,successful-centers,SUCCESSFUL_CENTERS,statistic,,overall
68,,Substitutions Overtime,substitutions-overtime,SUBSTITUTIONS_OVERTIME,statistic,,overall
69,,Offsides Overtime,offsides-overtime,OFFSIDES_OVERTIME,statistic,,offensive
70,,Headers,headers,HEADERS,statistic,,overall
71,,Last Substituttion,last-substituttion,LAST_SUBSTITUTION,statistic,,overall
72,,First Substitution,first-substitution,FIRST_SUBSTITUTION,statistic,,overall
73,,Successful Center,successful-center,SUCCESSFUL_CENTER,statistic,,overall
75,,Corners Overtime,corners-overtime,CORNERS_OVERTIME,statistic,,overall
76,,Goalkeeper Comes Out,goalkeeper-comes-out,GOALKEEPER_COME_OUTS,statistic,,defensive
77,,Challenges,challenges,CHALLENGES,statistic,,overall
78,,Tackles,tackles,TACKLES,statistic,,defensive
79,,Assists,assists,ASSISTS,statistic,,offensive
80,,Passes,passes,PASSES,statistic,,overall
81,,Successful Passes,successful-passes,SUCCESSFUL_PASSES,statistic,,overall
82,,Successful Passes Percentage,successful-passes-percentage,SUCCESSFUL_PASSES_PERCENTAGE,statistic,,overall
83,,Redcards,redcards,REDCARDS,statistic,,overall
84,,Yellowcards,yellowcards,YELLOWCARDS,statistic,,overall
85,,Yellowred Cards,yellowred-cards,YELLOWRED_CARDS,statistic,,overall
86,,Shots On Target,shots-on-target,SHOTS_ON_TARGET,statistic,,offensive
87,,Injuries,injuries,INJURIES,statistic,,overall
88,,Goals Conceded,goals-conceded,GOALS_CONCEDED,statistic,,defensive
91,,First Offside,first-offside,FIRST_OFFSIDE,statistic,,offensive
92,,Last Offside,last-offside,LAST_OFFSIDE,statistic,,offensive
94,,Dispossessed,dispossessed,DISPOSSESSED,statistic,,offensive
95,,Offsides Provoked,offsides-provoked,OFFSIDES_PROVOKED,statistic,,defensive
96,,Fouls Drawn,fouls-drawn,FOULS_DRAWN,statistic,,overall
97,,Blocked Shots,blocked-shots,BLOCKED_SHOTS,statistic,,defensive
98,,Total Crosses,total-crosses,TOTAL_CROSSES,statistic,,offensive
99,,Accurate Crosses,accurate-crosses,ACCURATE_CROSSES,statistic,,offensive
100,,Interceptions,interceptions,INTERCEPTIONS,statistic,,defensive
101,,Clearances,clearances,CLEARANCES,statistic,,defensive
102,,Clearances Won,clearances-won,CLEARANCES_WON,statistic,,defensive
103,,Punches,punches,PUNCHES,statistic,,defensive
104,,Saves Insidebox,saves-insidebox,SAVES_INSIDE_BOX,statistic,,defensive
105,,Total Duels,total-duels,TOTAL_DUELS,statistic,,offensive
106,,Duels Won,duels-won,DUELS_WON,statistic,,offensive
107,,Aerials Won,aeriels-won,AERIALS_WON,statistic,,overall
108,,Dribble Attempts,dribble-attempts,DRIBBLED_ATTEMPTS,statistic,,offensive
109,,Successful Dribbles,successful-dribbles,SUCCESSFUL_DRIBBLES,statistic,,offensive
110,,Dribbled Past,dribbled-past,DRIBBLED_PAST,statistic,,offensive
111,,Penalties Scored,penalties-scored,PENALTIES_SCORED,statistic,,offensive
112,,Penalties Missed,penalties-missed,PENALTIES_MISSES,statistic,,offensive
113,,Penalties Saved,penalties-saved,PENALTIES_SAVED,statistic,,offensive
114,,Penalties Committed,penalties-committed,PENALTIES_COMMITTED,statistic,,offensive
115,,Penalties Won,penalties-won,PENALTIES_WON,statistic,,offensive
116,,Accurate Passes,accurate-passes,ACCURATE_PASSES,statistic,,overall
117,,Key Passes,key-passes,KEY_PASSES,statistic,,overall
118,,Rating,rating,RATING,statistic,,overall
119,,Minutes Played,minutes-played,MINUTES_PLAYED,statistic,,
120,,Touches,touches,TOUCHES,statistic,,overall
121,,Turn Over,turn-over,TURN_OVER,statistic,,overall
122,,Long Balls,long-balls,LONG_BALLS,statistic,,overall
123,,Long Balls Won,long-balls-won,LONG_BALLS_WON,statistic,,overall
124,,Through Balls,through-balls,THROUGH_BALLS,statistic,,overall
125,,Through Balls Won,through-balls-won,THROUGH_BALLS_WON,statistic,,overall
188,,Season Matches,matches,MATCHES,statistic,,
189,,Season Teams,total-teams,TOTAL_TEAMS,statistic,,
190,,Matches Ended In Draw,matches-ended-in-draw,MATCHES_ENDED_IN_DRAW,statistic,,
191,,Number Of Goals,number-of-goals,NUMBER_OF_GOALS,statistic,,
192,,Both Teams To Score,btts,BTTS,statistic,,
193,,Cards,cards,CARDS,statistic,,
194,,Cleansheets,cleansheets,CLEANSHEET,statistic,,
195,,Goalkeeper Cleansheets,goalkeeper-cleansheets,GOALKEEPER_CLEANSHEET,statistic,,
196,,Scoring Minutes,scoring-minutes,SCORING_MINUTES,statistic,,
197,,Goal Line,goal-line,GOAL_LINE,statistic,,
201,,Win Percentage,win-percentage,WIN_PERCENTAGE,statistic,,
202,,Defeat Percentage,defeat-percentage,DEFEAT_PERCENTAGE,statistic,,
203,,Draw Percentage,draw-percentage,DRAW_PERCENTAGE,statistic,,
204,,Most Scored,participant-most-scored,PARTICIPANT_MOST_SCORED,statistic,,
205,,Most Conceded,participant-most-conceded,PARTICIPANT_MOST_CONCEDED,statistic,,
206,,Most Scored Per Match,participant-most-scored-per-match,PARTICIPANT_MOST_SCORED_PER_MATCH,statistic,,
207,,Most Conceded Per Match,participant-most-conceded-per-match,PARTICIPANT_MOST_CONCEDED_PER_MATCH,statistic,,
208,,Goal Topscorer,goal-topscorer,GOAL_TOPSCORER,statistic,,
209,,Assist Topscorer,assist-topscorer,ASSIST_TOPSCORER,statistic,,
210,,Card Topscorer,card-topscorer,CARD_TOPSCORER,statistic,,
211,,Highest Rated Player,highest-rated-player,HIGHEST_RATED_PLAYER,statistic,,
212,,Highest Rated Team,highest-rated-team,HIGHEST_RATED_TEAM,statistic,,
213,,Conceded Scoring Minutes,conceded-scoring-minutes,CONCEDED_SCORING_MINUTES,statistic,,
214,,Team Wins,team-wins,WIN,statistic,,
215,,Team Draws,team-draws,DRAW,statistic,,
216,,Team Lost,team-lost,LOST,statistic,,
314,,VAR Moments,var-moments,VAR_MOMENTS,statistic,,
321,,Appearances,appearances,APPEARANCES,statistic,,
322,,Lineups,lineups,LINEUPS,statistic,,
323,,Bench,bench,BENCH,statistic,,
324,,Own Goals,own-goals,OWN_GOALS,statistic,,
571,,Error Lead To Goal,error-lead-to-goal,ERROR_LEAD_TO_GOAL,statistic,,defensive
574,,Referees,referees,REFEREES,statistic,,overall
575,,Failed To Score,failed-toscore,FAILED_TO_SCORE,statistic,,offensive
580,,Big Chances Created,big-chances-created,BIG_CHANCES_CREATED,statistic,,offensive
581,,Big Chances Missed,big-chances-missed,BIG_CHANCES_MISSED,statistic,,offensive
582,,Clearance Offline,clearance-offline,CLEARANCE_OFFLINE,statistic,,defensive
583,,Last Man Tackle,last-man-tackle,LAST_MAN_TACKLE,statistic,,defensive
584,,Good High Claim,good-high-claim,GOOD_HIGH_CLAIM,statistic,,overall
1488,,Accurate Pass Percentage,accurate-pass-percentage,ACCURATE_PASS_PERCENTAGE,statistic,,overall
1489,,Treatments,treatment,TREATMENTS,statistic,,overall
1490,,Man of Match,man-of-match,MAN_OF_MATCH,statistic,,overall
1491,,Duels Lost,duels-lost,DUELS_LOST,statistic,,offensive
1527,,Counter Attacks,counter-attacks,COUNTER_ATTACKS,statistic,,offensive
1533,,Successful Crosses Percentage,successful-crosses-percentage,SUCCESSFUL_CROSSES_PERCENTAGE,statistic,,offensive
1535,,Goalkeeper Goals Conceded,goalkeeper-goals-conceded,GOALKEEPER_GOALS_CONCEDED,statistic,,defensive
1584,,Accurate Passes Percentage,accurate-passes-percentage,ACCURATE_PASSES_PERCENTAGE,statistic,,offensive
1600,,Penalty Topscorer,penalty-topscorer,PENALTY_TOPSCORER,statistic,,offensive
1601,,Missed Penalty Topscorer,missed-penalty-topscorer,MISSED_PENALTY_TOPSCORER,statistic,,offensive
1605,,Successful Dribbles Percentage,successful-dribbles-percentage,SUCCESSFUL_DRIBBLES_PERCENTAGE,statistic,,offensive
1677,,Shots,shots,SHOTS,statistic,,offensive
1495,,Roughing,roughing,ROUGHING,sub_event,,
1496,,Foul,foul,FOUL,sub_event,,
1497,,Argument,argument,ARGUMENT,sub_event,,
1498,,Violent conduct,violent-conduct,VIOLENT_CONDUCT,sub_event,,
1499,,Handball,handball,HANDBALL,sub_event,,
1500,,Dangerous play,dangerous-play,DANGEROUS_PLAY,sub_event,,
1501,,Time wasting,time-wasting,TIME_WASTING,sub_event,,
1502,,Persistent fouling,persistent-fouling,PERSITENT_FOULING,sub_event,,
1503,,Simulation,simulation,SIMULATION,sub_event,,
1504,,Entering field unallowed,entering_field_unallowed,ENTERING_FIELD_UNALLOWED,sub_event,,
1505,,Professional last man foul,professional-last-man-foul,PROFESSIONAL_LAST_MAN_FOUL,sub_event,,
1506,,Off the ball foul,off-the-ball-foul,OFF_THE_BALL_FOUL,sub_event,,
1507,,Penalty Scored,penalty-scored,PENALTY_SCORED,sub_event,,
1508,,Penalty shot off target,penalty-shot-off-target,PENALTY_SHOT_OFF_TARGET,sub_event,,
1509,,Penalty saved by  goalkeeper,penalty-saved-by-goalkeeper,PENALTY_SAVED_BY_GOALKEEPER,sub_event,,
1510,,Hit the post,hit-the-post,HIT_THE_POST,sub_event,,
1511,,Holding,holding,HOLDING,sub_event,,
1512,,Goal Disallowed,goal-disallowed,GOAL_DISALLOWED,sub_event,,
1513,,Elbowing,elbowing,ELBOWING,sub_event,,
1514,,Offside,offside,OFFSIDE,sub_event,,
1515,,Diving,diving,DIVING,sub_event,,
1516,,Tripping,tripping,TRIPPING,sub_event,,
1517,,Handling,handling,HANDLING,sub_event,,
1518,,Taking of shirt,taking-of-shirt,TAKING_OF_SHIRT,sub_event,,
1519,,Free Kick,free-kick,FREE_KICK,sub_event,,
1520,,Long distance shot,long-distance-shot,LONG_DISTANCE_SHOT,sub_event,,
1521,,Left foot shot,left-foot-shot,LEFT_FOOT_SHOT,sub_event,,
1522,,Right foot shot,right-foot-shot,RIGHT_FOOT_SHOT,sub_event,,
1523,,Tactical sub,tactical-sub,TACTICAL_SUB,sub_event,,
1524,629.0,Substitution because of injury,sub-because-of-injury,SUB_BECAUSE_OF_INJURY,sub_event,,
1694,,Header,header,HEADER,sub_event,,
1695,,Shot,shot,SHOT,sub_event,,
169,,Points,points,POINTS,tie_breaker_rule,,
170,,Head to Head,head-to-head,HEAD_TO_HEAD,tie_breaker_rule,,
171,,"Goal Difference, Matches Played, Goals Scored",goal-difference,GOAL_DIFFERENCE,tie_breaker_rule,,
573,,,none,NONE,tie_breaker_rule,,
1526,,"Goal Difference, Goals Scored",goal-difference-goals-scored,GOAL_DIFFERENCE_GOALS_SCORED,tie_breaker_rule,,
1678,,Head to Head + Ranking Previous Stage,head-to-head-ranking-prev-stage,HEAD_TO_HEAD_RANKING_PREV_STAGE,tie_breaker_rule,,
126,,Corner,corner,CORNER,timeline,corner,offensive
568,,Offside,offside,OFFSIDE,timeline,offside,
569,,Shot On Target,shot-on-target,SHOT_ON_TARGET,timeline,shot,
570,,Shots Off Target,shot-off-target,SHOT_OFF_TARGET,timeline,shot,
218,,Loan,loan-transfer,LOAN_TRANSFER,transfer,,
219,,Transfer,transfer,TRANSFER,transfer,,
220,,Free Transfer,free-transfer,FREE_TRANSFER,transfer,,
